{
  "curiosity_decay_cycle": [
    100000,
    100000,
    100000,
    100000,
    100000,
    100000,
    100000,
    100000
  ],
  "curiosity_decay_cycle_T": [
    2400,
    12450,
    22500,
    32550,
    42600,
    52650,
    62700,
    72750
  ],
  "curiosity_decay_rate": [
    0.9,
    0.9,
    0.9,
    0.9,
    0.9,
    0.9,
    0.9,
    0.9
  ],
  "curiosity_decay_rate_T": [
    2400,
    12450,
    22500,
    32550,
    42600,
    52650,
    62700,
    72750
  ],
  "curiosity_decay_stop": [
    0.0,
    0.0,
    0.0,
    0.0,
    0.0,
    0.0,
    0.0,
    0.0
  ],
  "curiosity_decay_stop_T": [
    2400,
    12450,
    22500,
    32550,
    42600,
    52650,
    62700,
    72750
  ],
  "curiosity_scale": [
    0.001,
    0.001,
    0.001,
    0.001,
    0.001,
    0.001,
    0.001,
    0.001
  ],
  "curiosity_scale_T": [
    2400,
    12450,
    22500,
    32550,
    42600,
    52650,
    62700,
    72750
  ],
  "ep_length_mean": [
    75.0,
    75.0,
    75.0,
    75.0,
    75.0,
    75.0,
    75.0,
    75.0
  ],
  "ep_length_mean_T": [
    75,
    10125,
    20175,
    30225,
    40275,
    50325,
    60375,
    70425
  ],
  "episode": [
    268,
    536,
    804,
    1072,
    1340,
    1608,
    1876
  ],
  "episode_T": [
    10050,
    20100,
    30150,
    40200,
    50250,
    60300,
    70350
  ],
  "epsilon": [
    1.0,
    0.80905,
    0.6181000000000001,
    0.42715000000000003,
    0.23620000000000008,
    0.05,
    0.05,
    0.05
  ],
  "epsilon_T": [
    75,
    10125,
    20175,
    30225,
    40275,
    50325,
    60375,
    70425
  ],
  "extrinsic rewards": [
    0.00125,
    0.007291666666666667,
    0.005208333333333333,
    0.012916666666666667,
    0.012916666666666667,
    0.01,
    0.007916666666666667,
    0.012291666666666666
  ],
  "extrinsic rewards_T": [
    2400,
    12450,
    22500,
    32550,
    42600,
    52650,
    62700,
    72750
  ],
  "grad_norm": [
    0.5238708853721619,
    0.015899349004030228,
    0.026647770777344704,
    0.022480135783553123,
    0.023365134373307228,
    0.11263630539178848,
    0.008927637711167336,
    0.026812272146344185
  ],
  "grad_norm_T": [
    2400,
    12450,
    22500,
    32550,
    42600,
    52650,
    62700,
    72750
  ],
  "hit_prob": [
    0.21812500059604645,
    0.2410416603088379,
    0.2695833444595337,
    0.2997916638851166,
    0.34833332896232605,
    0.320416659116745,
    0.3233333230018616,
    0.3489583432674408
  ],
  "hit_prob_T": [
    2400,
    12450,
    22500,
    32550,
    42600,
    52650,
    62700,
    72750
  ],
  "loss": [
    0.0662752091884613,
    0.0052414266392588615,
    0.004095999989658594,
    0.007789161987602711,
    0.008623367175459862,
    0.007553898263722658,
    0.005732385907322168,
    0.007541746366769075
  ],
  "loss_T": [
    2400,
    12450,
    22500,
    32550,
    42600,
    52650,
    62700,
    72750
  ],
  "num_circle": [
    2,
    2,
    2,
    2,
    2,
    2,
    2,
    2
  ],
  "num_circle_T": [
    75,
    10125,
    20175,
    30225,
    40275,
    50325,
    60375,
    70425
  ],
  "q_taken_mean": [
    0.02655261993408203,
    0.032829513549804686,
    0.05749338785807292,
    0.06762110392252604,
    0.08127787272135417,
    0.08456975936889649,
    0.06967699686686198,
    0.08380772908528646
  ],
  "q_taken_mean_T": [
    2400,
    12450,
    22500,
    32550,
    42600,
    52650,
    62700,
    72750
  ],
  "return_mean": [
    {
      "dtype": "float64",
      "py/object": "numpy.float64",
      "value": 0.0
    },
    {
      "dtype": "float64",
      "py/object": "numpy.float64",
      "value": 0.14925373134328357
    },
    {
      "dtype": "float64",
      "py/object": "numpy.float64",
      "value": 0.2126865671641791
    },
    {
      "dtype": "float64",
      "py/object": "numpy.float64",
      "value": 0.19402985074626866
    },
    {
      "dtype": "float64",
      "py/object": "numpy.float64",
      "value": 0.29850746268656714
    },
    {
      "dtype": "float64",
      "py/object": "numpy.float64",
      "value": 0.23507462686567165
    },
    {
      "dtype": "float64",
      "py/object": "numpy.float64",
      "value": 0.26492537313432835
    },
    {
      "dtype": "float64",
      "py/object": "numpy.float64",
      "value": 0.27238805970149255
    }
  ],
  "return_mean_T": [
    75,
    10125,
    20175,
    30225,
    40275,
    50325,
    60375,
    70425
  ],
  "return_std": [
    {
      "dtype": "float64",
      "py/object": "numpy.float64",
      "value": 0.0
    },
    {
      "dtype": "float64",
      "py/object": "numpy.float64",
      "value": 0.4925938456928134
    },
    {
      "dtype": "float64",
      "py/object": "numpy.float64",
      "value": 0.6646086989013759
    },
    {
      "dtype": "float64",
      "py/object": "numpy.float64",
      "value": 0.6772156774143661
    },
    {
      "dtype": "float64",
      "py/object": "numpy.float64",
      "value": 0.75339877397755
    },
    {
      "dtype": "float64",
      "py/object": "numpy.float64",
      "value": 0.5752685891431163
    },
    {
      "dtype": "float64",
      "py/object": "numpy.float64",
      "value": 0.5975394151349233
    },
    {
      "dtype": "float64",
      "py/object": "numpy.float64",
      "value": 0.6981202683715468
    }
  ],
  "return_std_T": [
    75,
    10125,
    20175,
    30225,
    40275,
    50325,
    60375,
    70425
  ],
  "success_mean": [
    0.0,
    0.0,
    0.0,
    0.0,
    0.0,
    0.0,
    0.0,
    0.0
  ],
  "success_mean_T": [
    75,
    10125,
    20175,
    30225,
    40275,
    50325,
    60375,
    70425
  ],
  "target_mean": [
    0.12797826131184895,
    0.03540108362833659,
    0.052004737854003905,
    0.07180934270222981,
    0.0853445816040039,
    0.07223604202270507,
    0.0699244499206543,
    0.08037627538045247
  ],
  "target_mean_T": [
    2400,
    12450,
    22500,
    32550,
    42600,
    52650,
    62700,
    72750
  ],
  "td_error_abs": [
    0.209133669535319,
    0.02960569381713867,
    0.025775101979573566,
    0.026556307474772136,
    0.030646540323893228,
    0.04511649449666341,
    0.022728633880615235,
    0.03194515864054362
  ],
  "td_error_abs_T": [
    2400,
    12450,
    22500,
    32550,
    42600,
    52650,
    62700,
    72750
  ],
  "test_ep_length_mean": [
    75.0,
    75.0,
    75.0,
    75.0,
    75.0,
    75.0,
    75.0,
    75.0
  ],
  "test_ep_length_mean_T": [
    75,
    10125,
    20175,
    30225,
    40275,
    50325,
    60375,
    70425
  ],
  "test_return_mean": [
    {
      "dtype": "float64",
      "py/object": "numpy.float64",
      "value": 0.15
    },
    {
      "dtype": "float64",
      "py/object": "numpy.float64",
      "value": 0.35
    },
    {
      "dtype": "float64",
      "py/object": "numpy.float64",
      "value": 0.1
    },
    {
      "dtype": "float64",
      "py/object": "numpy.float64",
      "value": 0.35
    },
    {
      "dtype": "float64",
      "py/object": "numpy.float64",
      "value": 0.3
    },
    {
      "dtype": "float64",
      "py/object": "numpy.float64",
      "value": 0.1
    },
    {
      "dtype": "float64",
      "py/object": "numpy.float64",
      "value": 0.2
    },
    {
      "dtype": "float64",
      "py/object": "numpy.float64",
      "value": 0.0
    }
  ],
  "test_return_mean_T": [
    75,
    10125,
    20175,
    30225,
    40275,
    50325,
    60375,
    70425
  ],
  "test_return_std": [
    {
      "dtype": "float64",
      "py/object": "numpy.float64",
      "value": 0.22912878474779197
    },
    {
      "dtype": "float64",
      "py/object": "numpy.float64",
      "value": 0.634428877022476
    },
    {
      "dtype": "float64",
      "py/object": "numpy.float64",
      "value": 0.30000000000000004
    },
    {
      "dtype": "float64",
      "py/object": "numpy.float64",
      "value": 0.634428877022476
    },
    {
      "dtype": "float64",
      "py/object": "numpy.float64",