{
  "curiosity_decay_cycle": [
    5000,
    5000,
    5000,
    5000,
    5000,
    5000
  ],
  "curiosity_decay_cycle_T": [
    2400,
    12450,
    22500,
    32550,
    42600,
    52650
  ],
  "curiosity_decay_rate": [
    0.9,
    0.9,
    0.9,
    0.9,
    0.9,
    0.9
  ],
  "curiosity_decay_rate_T": [
    2400,
    12450,
    22500,
    32550,
    42600,
    52650
  ],
  "curiosity_decay_stop": [
    0.01,
    0.01,
    0.01,
    0.01,
    0.01,
    0.01
  ],
  "curiosity_decay_stop_T": [
    2400,
    12450,
    22500,
    32550,
    42600,
    52650
  ],
  "curiosity_scale": [
    0.2,
    0.16200000000000003,
    0.13122000000000003,
    0.10628820000000004,
    0.08609344200000005,
    0.06973568802000003
  ],
  "curiosity_scale_T": [
    2400,
    12450,
    22500,
    32550,
    42600,
    52650
  ],
  "ep_length_mean": [
    75.0,
    75.0,
    75.0,
    75.0,
    75.0,
    75.0,
    75.0
  ],
  "ep_length_mean_T": [
    75,
    10125,
    20175,
    30225,
    40275,
    50325,
    60375
  ],
  "episode": [
    134,
    268,
    402,
    536,
    670,
    804
  ],
  "episode_T": [
    10050,
    20100,
    30150,
    40200,
    50250,
    60300
  ],
  "epsilon": [
    1.0,
    0.80905,
    0.6181000000000001,
    0.42715000000000003,
    0.23620000000000008,
    0.05,
    0.05
  ],
  "epsilon_T": [
    75,
    10125,
    20175,
    30225,
    40275,
    50325,
    60375
  ],
  "extrinsic rewards": [
    0.0,
    0.0,
    0.0,
    0.0,
    0.000625,
    0.000625
  ],
  "extrinsic rewards_T": [
    2400,
    12450,
    22500,
    32550,
    42600,
    52650
  ],
  "grad_norm": [
    3.4303762912750244,
    0.1229284480214119,
    0.06040782108902931,
    0.06776658445596695,
    0.3166331648826599,
    0.06457201391458511
  ],
  "grad_norm_T": [
    2400,
    12450,
    22500,
    32550,
    42600,
    52650
  ],
  "hit_prob": [
    0.21916666626930237,
    0.2633333206176758,
    0.28333333134651184,
    0.3362500071525574,
    0.3252083361148834,
    0.36791667342185974
  ],
  "hit_prob_T": [
    2400,
    12450,
    22500,
    32550,
    42600,
    52650
  ],
  "loss": [
    0.828363835811615,
    0.00983645673841238,
    0.0029639964923262596,
    0.0025608977302908897,
    0.006416839547455311,
    0.004495625384151936
  ],
  "loss_T": [
    2400,
    12450,
    22500,
    32550,
    42600,
    52650
  ],
  "num_circle": [
    1,
    1,
    1,
    1,
    1,
    1,
    1
  ],
  "num_circle_T": [
    75,
    10125,
    20175,
    30225,
    40275,
    50325,
    60375
  ],
  "q_taken_mean": [
    0.06920278549194336,
    0.1581031926472982,
    0.16795909881591797,
    0.15675922393798827,
    0.1747430928548177,
    0.19485056559244793
  ],
  "q_taken_mean_T": [
    2400,
    12450,
    22500,
    32550,
    42600,
    52650
  ],
  "return_mean": [
    {
      "dtype": "float64",
      "py/object": "numpy.float64",
      "value": 0.0
    },
    {
      "dtype": "float64",
      "py/object": "numpy.float64",
      "value": 0.018656716417910446
    },
    {
      "dtype": "float64",
      "py/object": "numpy.float64",
      "value": 0.0037313432835820895
    },
    {
      "dtype": "float64",
      "py/object": "numpy.float64",
      "value": 0.0
    },
    {
      "dtype": "float64",
      "py/object": "numpy.float64",
      "value": 0.014925373134328358
    },
    {
      "dtype": "float64",
      "py/object": "numpy.float64",
      "value": 0.007462686567164179
    },
    {
      "dtype": "float64",
      "py/object": "numpy.float64",
      "value": 0.007462686567164179
    }
  ],
  "return_mean_T": [
    75,
    10125,
    20175,
    30225,
    40275,
    50325,
    60375
  ],
  "return_std": [
    {
      "dtype": "float64",
      "py/object": "numpy.float64",
      "value": 0.0
    },
    {
      "dtype": "float64",
      "py/object": "numpy.float64",
      "value": 0.15461454742612435
    },
    {
      "dtype": "float64",
      "py/object": "numpy.float64",
      "value": 0.04303194998011491
    },
    {
      "dtype": "float64",
      "py/object": "numpy.float64",
      "value": 0.0
    },
    {
      "dtype": "float64",
      "py/object": "numpy.float64",
      "value": 0.10474379737028505
    },
    {
      "dtype": "float64",
      "py/object": "numpy.float64",
      "value": 0.06062715227340267
    },
    {
      "dtype": "float64",
      "py/object": "numpy.float64",
      "value": 0.08606389996022983
    }
  ],
  "return_std_T": [
    75,
    10125,
    20175,
    30225,
    40275,
    50325,
    60375
  ],
  "success_mean": [
    0.0,
    0.0,
    0.0,
    0.0,
    0.0,
    0.0,
    0.0
  ],
  "success_mean_T": [
    75,
    10125,
    20175,
    30225,
    40275,
    50325,
    60375
  ],
  "target_mean": [
    0.5090872192382813,
    0.15302036285400392,
    0.1639862314860026,
    0.1626926040649414,
    0.1873613484700521,
    0.19138264973958333
  ],
  "target_mean_T": [
    2400,
    12450,
    22500,
    32550,
    42600,
    52650
  ],
  "td_error_abs": [
    0.8797688802083333,
    0.07532127380371094,
    0.034507554372151694,
    0.026913744608561198,
    0.04167665481567383,
    0.023369940121968587
  ],
  "td_error_abs_T": [
    2400,
    12450,
    22500,
    32550,
    42600,
    52650
  ],
  "test_ep_length_mean": [
    75.0,
    75.0,
    75.0,
    75.0,
    75.0,
    75.0,
    75.0
  ],
  "test_ep_length_mean_T": [
    75,
    10125,
    20175,
    30225,
    40275,
    50325,
    60375
  ],
  "test_return_mean": [
    {
      "dtype": "float64",
      "py/object": "numpy.float64",
      "value": 0.0
    },
    {
      "dtype": "float64",
      "py/object": "numpy.float64",
      "value": 0.0
    },
    {
      "dtype": "float64",
      "py/object": "numpy.float64",
      "value": 0.0
    },
    {
      "dtype": "float64",
      "py/object": "numpy.float64",
      "value": 0.0
    },
    {
      "dtype": "float64",
      "py/object": "numpy.float64",
      "value": 0.0
    },
    {
      "dtype": "float64",
      "py/object": "numpy.float64",
      "value": 0.0
    },
    {
      "dtype": "float64",
      "py/object": "numpy.float64",
      "value": 0.0
    }
  ],
  "test_return_mean_T": [
    75,
    10125,
    20175,
    30225,
    40275,
    50325,
    60375
  ],
  "test_return_std": [
    {
      "dtype": "float64",
      "py/object": "numpy.float64",
      "value": 0.0
    },
    {
      "dtype": "float64",
      "py/object": "numpy.float64",
      "value": 0.0
    },
    {
      "dtype": "float64",
      "py/object": "numpy.float64",
      "value": 0.0
    },
    {
      "dtype": "float64",
      "py/object": "numpy.float64",
      "value": 0.0
    },
    {
      "dtype": "float64",
      "py/object": "numpy.float64",
      "value": 0.0
    },
    {
      "dtype": "float64",
      "py/object": "numpy.float64",
      "value": 0.0
    },
    {
      "dtype": "float64",
      "py/object": "numpy.float64",
      "value": 0.0
    }
  ],
  "test_return_std_T": [
    75,
    10125,
    20175,
    30225,
    40275,
    50325,
    60375
  ],
  "test_success_mean": [
    0.0,
    0.0,
    0.0,
    0.0,
    0.0,
    0.0,
    0.0
  ],
  "test_success_mean_T": [
    75,
    10125,
    20175,
    30225,
    40275,
    50325,
    60375
  ],
  "vdn extrinsic rewards": [
    0.0,
    0.0,
    0.0,
    0.0,
    0.000625,
    0.000625
  ],
  "vdn extrinsic rewards_T": [
    2400,
    12450,
    22500,
    32550,
    42600,
    52650
  ],
  "vdn grad_norm": [
    0.9618930220603943,
    0.22404158115386963,
    0.06312103569507599,
    0.05015610530972481,
    0.1252935379743576,
    0.019279422238469124
  ],
  "vdn grad_norm_T": [
    2400,
    12450,
    22500,
    32550,
    42600,
    52650
  ],
  "vdn hit_prob": [
    0.21916666626930237,
    0.25208333134651184,
    0.24833333492279053,
    0.31958332657814026,
    0.3647916615009308,
    0.3050000071525574
  ],
  "vdn hit_prob_T": [
    2400,
    12450,
    22500,
    32550,
    42600,
    52650
  ],