{
  "curiosity_decay_cycle": [
    100000,
    100000
  ],
  "curiosity_decay_cycle_T": [
    2400,
    12450
  ],
  "curiosity_decay_rate": [
    0.9,
    0.9
  ],
  "curiosity_decay_rate_T": [
    2400,
    12450
  ],
  "curiosity_decay_stop": [
    0.0,
    0.0
  ],
  "curiosity_decay_stop_T": [
    2400,
    12450
  ],
  "curiosity_scale": [
    0.001,
    0.001
  ],
  "curiosity_scale_T": [
    2400,
    12450
  ],
  "e_m Q mean": [
    -0.03678013801574707,
    -0.011766100724538167
  ],
  "e_m Q mean_T": [
    2400,
    12450
  ],
  "em_ Q hit probability": [
    0.0,
    0.36341652807669733
  ],
  "em_ Q hit probability_T": [
    2400,
    12450
  ],
  "emdqn_curr_capacity": [
    2432,
    12616
  ],
  "emdqn_curr_capacity_T": [
    2400,
    12450
  ],
  "emdqn_loss": [
    0.0,
    0.0055267163552343845
  ],
  "emdqn_loss_T": [
    2400,
    12450
  ],
  "emdqn_weight": [
    0.1,
    0.1
  ],
  "emdqn_weight_T": [
    2400,
    12450
  ],
  "ep_length_mean": [
    75.0,
    75.0
  ],
  "ep_length_mean_T": [
    75,
    10125
  ],
  "episode": [
    268
  ],
  "episode_T": [
    10050
  ],
  "epsilon": [
    1.0,
    0.80905
  ],
  "epsilon_T": [
    75,
    10125
  ],
  "extrinsic rewards": [
    0.002916666666666667,
    0.0020833333333333333
  ],
  "extrinsic rewards_T": [
    2400,
    12450
  ],
  "grad_norm": [
    1.287704586982727,
    0.04332689940929413
  ],
  "grad_norm_T": [
    2400,
    12450
  ],
  "hit_prob": [
    0.22187499701976776,
    0.265625
  ],
  "hit_prob_T": [
    2400,
    12450
  ],
  "loss": [
    0.1492747813463211,
    0.010346297174692154
  ],
  "loss_T": [
    2400,
    12450
  ],
  "num_circle": [
    2,
    2
  ],
  "num_circle_T": [
    75,
    10125
  ],
  "q_taken_mean": [
    -0.03678013801574707,
    -0.034302895863850914
  ],
  "q_taken_mean_T": [
    2400,
    12450
  ],
  "return_mean": [
    {
      "dtype": "float64",
      "py/object": "numpy.float64",
      "value": 0.0
    },
    {
      "dtype": "float64",
      "py/object": "numpy.float64",
      "value": 0.14925373134328357
    }
  ],
  "return_mean_T": [
    75,
    10125
  ],
  "return_std": [
    {
      "dtype": "float64",
      "py/object": "numpy.float64",
      "value": 0.0
    },
    {
      "dtype": "float64",
      "py/object": "numpy.float64",
      "value": 0.6857555228453817
    }
  ],
  "return_std_T": [
    75,
    10125
  ],
  "success_mean": [
    0.0,
    0.0
  ],
  "success_mean_T": [
    75,
    10125
  ],
  "target_mean": [
    0.12513163248697917,
    -0.040964730580647785
  ],
  "target_mean_T": [
    2400,
    12450
  ],
  "td_error_abs": [
    0.3250349934895833,
    0.040619001388549805
  ],
  "td_error_abs_T": [
    2400,
    12450
  ],
  "test_ep_length_mean": [
    75.0,
    75.0
  ],
  "test_ep_length_mean_T": [
    75,
    10125
  ],
  "test_return_mean": [
    {
      "dtype": "float64",
      "py/object": "numpy.float64",
      "value": 0.1
    },
    {
      "dtype": "float64",
      "py/object": "numpy.float64",
      "value": 0.0
    }
  ],
  "test_return_mean_T": [
    75,
    10125
  ],
  "test_return_std": [
    {
      "dtype": "float64",
      "py/object": "numpy.float64",
      "value": 0.30000000000000004
    },
    {
      "dtype": "float64",
      "py/object": "numpy.float64",
      "value": 0.0
    }
  ],
  "test_return_std_T": [
    75,
    10125
  ],
  "test_success_mean": [
    0.0,
    0.0
  ],
  "test_success_mean_T": [
    75,
    10125
  ],
  "vdn extrinsic rewards": [
    0.002916666666666667,
    0.0020833333333333333
  ],
  "vdn extrinsic rewards_T": [
    2400,
    12450
  ],
  "vdn grad_norm": [
    1.2765614986419678,
    0.017616311088204384
  ],
  "vdn grad_norm_T": [
    2400,
    12450
  ],
  "vdn hit_prob": [
    0.22187499701976776,
    0.25458332896232605
  ],
  "vdn hit_prob_T": [
    2400,
    12450
  ],
  "vdn intrinsic rewards": [
    0.003082772890726725,
    0.000246347114443779
  ],
  "vdn intrinsic rewards_T": [
    2400,
    12450
  ],
  "vdn loss": [
    0.14721691608428955,
    0.0030804777052253485
  ],
  "vdn loss_T": [
    2400,
    12450
  ],
  "vdn prediction loss": [
    3.082772731781006,
    0.2463470995426178
  ],
  "vdn prediction loss_T": [
    2400,
    12450
  ],
  "vdn q_taken_mean": [
    -0.03678013801574707,
    0.039276962280273435
  ],
  "vdn q_taken_mean_T": [
    2400,
    12450
  ],
  "vdn target_mean": [
    0.12359025319417317,
    0.04117037137349447
  ],
  "vdn target_mean_T": [
    2400,
    12450
  ],
  "vdn td_error_abs": [
    0.3220685068766276,
    0.03188974062601725
  ],
  "vdn td_error_abs_T": [
    2400,
    12450
  ]
}