{
  "all_attack_mean": [
    4.0,
    6.348039215686274,
    8.145631067961165,
    8.820512820512821,
    7.833333333333333
  ],
  "all_attack_mean_T": [
    63,
    10090,
    20126,
    30150,
    40221
  ],
  "battle_won_mean": [
    0.0,
    0.0,
    0.0,
    0.0,
    0.0
  ],
  "battle_won_mean_T": [
    63,
    10090,
    20126,
    30150,
    40221
  ],
  "ep_length_mean": [
    63.0,
    49.15196078431372,
    48.71844660194175,
    42.837606837606835,
    45.36486486486486
  ],
  "ep_length_mean_T": [
    63,
    10090,
    20126,
    30150,
    40221
  ],
  "episode": [
    406,
    818,
    1286,
    1734
  ],
  "episode_T": [
    10015,
    20046,
    30080,
    40221
  ],
  "epsilon": [
    1.0,
    0.808898,
    0.618347,
    0.4277200000000001,
    0.23865100000000006
  ],
  "epsilon_T": [
    63,
    10090,
    20126,
    30150,
    40221
  ],
  "failed_attack_mean": [
    0.0,
    1.7009803921568627,
    2.3106796116504853,
    2.8974358974358974,
    1.9144144144144144
  ],
  "failed_attack_mean_T": [
    63,
    10090,
    20126,
    30150,
    40221
  ],
  "grad_norm": [
    0.5573047399520874,
    0.26985421776771545,
    0.03093438223004341,
    0.04851619899272919,
    0.0783810243010521
  ],
  "grad_norm_T": [
    1356,
    11384,
    21414,
    31422,
    41441
  ],
  "hit_prob": [
    0.3761062026023865,
    0.4869449734687805,
    0.47004398703575134,
    0.46094298362731934,
    0.5266619920730591
  ],
  "hit_prob_T": [
    1356,
    11384,
    21414,
    31422,
    41441
  ],
  "loss": [
    0.02310195565223694,
    0.0035557602532207966,
    0.0008603832684457302,
    0.0005702129565179348,
    0.0007509281276725233
  ],
  "loss_T": [
    1356,
    11384,
    21414,
    31422,
    41441
  ],
  "num_circle": [
    2,
    2,
    2,
    2,
    2
  ],
  "num_circle_T": [
    63,
    10090,
    20126,
    30150,
    40221
  ],
  "optimal_attack_mean": [
    0.0,
    0.004901960784313725,
    0.0048543689320388345,
    0.038461538461538464,
    0.07657657657657657
  ],
  "optimal_attack_mean_T": [
    63,
    10090,
    20126,
    30150,
    40221
  ],
  "q_taken_mean": [
    -0.06797422936063484,
    -0.0266127879900866,
    -0.016766790160144502,
    -0.015397642969162342,
    0.021906348441950392
  ],
  "q_taken_mean_T": [
    1356,
    11384,
    21414,
    31422,
    41441
  ],
  "return_mean": [
    {
      "dtype": "float64",
      "py/object": "numpy.float64",
      "value": 0.017118279569892474
    },
    {
      "dtype": "float64",
      "py/object": "numpy.float64",
      "value": 0.01831268184693232
    },
    {
      "dtype": "float64",
      "py/object": "numpy.float64",
      "value": 0.024080290218185616
    },
    {
      "dtype": "float64",
      "py/object": "numpy.float64",
      "value": 0.02820448028673835
    },
    {
      "dtype": "float64",
      "py/object": "numpy.float64",
      "value": 0.025509454615906226
    }
  ],
  "return_mean_T": [
    63,
    10090,
    20126,
    30150,
    40221
  ],
  "return_std": [
    {
      "dtype": "float64",
      "py/object": "numpy.float64",
      "value": 0.0
    },
    {
      "dtype": "float64",
      "py/object": "numpy.float64",
      "value": 0.009209979565930915
    },
    {
      "dtype": "float64",
      "py/object": "numpy.float64",
      "value": 0.011624010584058164
    },
    {
      "dtype": "float64",
      "py/object": "numpy.float64",
      "value": 0.013536128668666644
    },
    {
      "dtype": "float64",
      "py/object": "numpy.float64",
      "value": 0.01410301614441452
    }
  ],
  "return_std_T": [
    63,
    10090,
    20126,
    30150,
    40221
  ],
  "suboptimal_attack_mean": [
    4.0,
    4.642156862745098,
    5.830097087378641,
    5.884615384615385,
    5.842342342342342
  ],
  "suboptimal_attack_mean_T": [
    63,
    10090,
    20126,
    30150,
    40221
  ],
  "target_mean": [
    -0.04309656673945274,
    -0.04269670326868329,
    -0.018945786182510336,
    -0.011471753049953818,
    0.015344502809939879
  ],
  "target_mean_T": [
    1356,
    11384,
    21414,
    31422,
    41441
  ],
  "td_error_abs": [
    0.11746614169230503,
    0.05195358564268868,
    0.020925711129457895,
    0.018757934892454423,
    0.022740985744011243
  ],
  "td_error_abs_T": [
    1356,
    11384,
    21414,
    31422,
    41441
  ],
  "test_all_attack_mean": [
    0.0,
    0.0,
    15.03125,
    13.53125,
    6.4375
  ],
  "test_all_attack_mean_T": [
    63,
    10090,
    20126,
    30150,
    40221
  ],
  "test_battle_won_mean": [
    0.0,
    0.0,
    0.0,
    0.0,
    0.0
  ],
  "test_battle_won_mean_T": [
    63,
    10090,
    20126,
    30150,
    40221
  ],
  "test_ep_length_mean": [
    150.0,
    150.0,
    55.375,
    41.1875,
    72.96875
  ],
  "test_ep_length_mean_T": [
    63,
    10090,
    20126,
    30150,
    40221
  ],
  "test_failed_attack_mean": [
    0.0,
    0.0,
    3.3125,
    4.25,
    1.84375
  ],
  "test_failed_attack_mean_T": [
    63,
    10090,
    20126,
    30150,
    40221
  ],
  "test_optimal_attack_mean": [
    0.0,
    0.0,
    0.0,
    0.09375,
    0.0
  ],
  "test_optimal_attack_mean_T": [
    63,
    10090,
    20126,
    30150,
    40221
  ],
  "test_return_mean": [
    {
      "dtype": "float64",
      "py/object": "numpy.float64",
      "value": 0.0
    },
    {
      "dtype": "float64",
      "py/object": "numpy.float64",
      "value": 0.0
    },
    {
      "dtype": "float64",
      "py/object": "numpy.float64",
      "value": 0.05510346102150537
    },
    {
      "dtype": "float64",
      "py/object": "numpy.float64",
      "value": 0.045587668010752695
    },
    {
      "dtype": "float64",
      "py/object": "numpy.float64",
      "value": 0.019874361559139783
    }
  ],
  "test_return_mean_T": [
    63,
    10090,
    20126,
    30150,
    40221
  ],
  "test_return_std": [
    {
      "dtype": "float64",
      "py/object": "numpy.float64",
      "value": 0.0
    },
    {
      "dtype": "float64",
      "py/object": "numpy.float64",
      "value": 0.0
    },
    {
      "dtype": "float64",
      "py/object": "numpy.float64",
      "value": 0.029610852502100354
    },
    {
      "dtype": "float64",
      "py/object": "numpy.float64",
      "value": 0.017119818358882835
    },
    {
      "dtype": "float64",
      "py/object": "numpy.float64",
      "value": 0.015878078998068534
    }
  ],
  "test_return_std_T": [
    63,
    10090,
    20126,
    30150,
    40221
  ],
  "test_suboptimal_attack_mean": [
    0.0,
    0.0,
    11.71875,
    9.1875,
    4.59375
  ],
  "test_suboptimal_attack_mean_T": [
    63,
    10090,
    20126,
    30150,
    40221
  ],
  "test_total_damage_mean": [
    0.0,
    0.0,
    164.61328125,
    167.88671875,
    114.01171875
  ],
  "test_total_damage_mean_T": [
    63,
    10090,
    20126,
    30150,
    40221
  ],
  "total_damage_mean": [
    79.5,
    133.8517156862745,
    146.77184466019418,
    164.33279914529913,
    157.35135135135135
  ],
  "total_damage_mean_T": [
    63,
    10090,
    20126,
    30150,
    40221
  ]
}