{
  "curiosity_decay_cycle": [
    5000,
    5000,
    5000,
    5000,
    5000,
    5000,
    5000,
    5000,
    5000,
    5000,
    5000,
    5000
  ],
  "curiosity_decay_cycle_T": [
    2400,
    12450,
    22500,
    32550,
    42600,
    52650,
    62700,
    72750,
    82800,
    92850,
    102900,
    112950
  ],
  "curiosity_decay_rate": [
    0.9,
    0.9,
    0.9,
    0.9,
    0.9,
    0.9,
    0.9,
    0.9,
    0.9,
    0.9,
    0.9,
    0.9
  ],
  "curiosity_decay_rate_T": [
    2400,
    12450,
    22500,
    32550,
    42600,
    52650,
    62700,
    72750,
    82800,
    92850,
    102900,
    112950
  ],
  "curiosity_decay_stop": [
    0.01,
    0.01,
    0.01,
    0.01,
    0.01,
    0.01,
    0.01,
    0.01,
    0.01,
    0.01,
    0.01,
    0.01
  ],
  "curiosity_decay_stop_T": [
    2400,
    12450,
    22500,
    32550,
    42600,
    52650,
    62700,
    72750,
    82800,
    92850,
    102900,
    112950
  ],
  "curiosity_scale": [
    0.2,
    0.16200000000000003,
    0.13122000000000003,
    0.10628820000000004,
    0.08609344200000005,
    0.06973568802000003,
    0.056485907296200025,
    0.04575358490992203,
    0.03706040377703684,
    0.030018927059399847,
    0.02431533091811388,
    0.019695418043672242
  ],
  "curiosity_scale_T": [
    2400,
    12450,
    22500,
    32550,
    42600,
    52650,
    62700,
    72750,
    82800,
    92850,
    102900,
    112950
  ],
  "ep_length_mean": [
    75.0,
    75.0,
    75.0,
    75.0,
    75.0,
    75.0,
    75.0,
    75.0,
    75.0,
    75.0,
    75.0,
    75.0
  ],
  "ep_length_mean_T": [
    75,
    10125,
    20175,
    30225,
    40275,
    50325,
    60375,
    70425,
    80475,
    90525,
    100575,
    110625
  ],
  "episode": [
    134,
    268,
    402,
    536,
    670,
    804,
    938,
    1072,
    1206,
    1340,
    1474
  ],
  "episode_T": [
    10050,
    20100,
    30150,
    40200,
    50250,
    60300,
    70350,
    80400,
    90450,
    100500,
    110550
  ],
  "epsilon": [
    1.0,
    0.80905,
    0.6181000000000001,
    0.42715000000000003,
    0.23620000000000008,
    0.05,
    0.05,
    0.05,
    0.05,
    0.05,
    0.05,
    0.05
  ],
  "epsilon_T": [
    75,
    10125,
    20175,
    30225,
    40275,
    50325,
    60375,
    70425,
    80475,
    90525,
    100575,
    110625
  ],
  "extrinsic rewards": [
    0.0,
    0.00125,
    0.0008333333333333334,
    0.0004166666666666667,
    0.0008333333333333334,
    0.000625,
    0.001875,
    0.0004166666666666667,
    0.00125,
    0.0025,
    0.0014583333333333334,
    0.0020833333333333333
  ],
  "extrinsic rewards_T": [
    2400,
    12450,
    22500,
    32550,
    42600,
    52650,
    62700,
    72750,
    82800,
    92850,
    102900,
    112950
  ],
  "grad_norm": [
    2.1504955291748047,
    0.11463450640439987,
    0.049821220338344574,
    0.07457274943590164,
    0.1515296846628189,
    0.0255774836987257,
    0.03164845332503319,
    0.10172926634550095,
    0.07359579205513,
    0.049268823117017746,
    0.02704784832894802,
    0.0492110550403595
  ],
  "grad_norm_T": [
    2400,
    12450,
    22500,
    32550,
    42600,
    52650,
    62700,
    72750,
    82800,
    92850,
    102900,
    112950
  ],
  "hit_prob": [
    0.22604165971279144,
    0.24708333611488342,
    0.2783333361148834,
    0.3218750059604645,
    0.3881250023841858,
    0.32499998807907104,
    0.37416666746139526,
    0.3958333432674408,
    0.3474999964237213,
    0.351666659116745,
    0.36645832657814026,
    0.35333332419395447
  ],
  "hit_prob_T": [
    2400,
    12450,
    22500,
    32550,
    42600,
    52650,
    62700,
    72750,
    82800,
    92850,
    102900,
    112950
  ],
  "loss": [
    0.46405914425849915,
    0.01043535117059946,
    0.0017207256751134992,
    0.0012776332441717386,
    0.0025235600769519806,
    0.0013565198751166463,
    0.0019404592458158731,
    0.0017911074683070183,
    0.0023462227545678616,
    0.0025894080754369497,
    0.0023767773527652025,
    0.002620472339913249
  ],
  "loss_T": [
    2400,
    12450,
    22500,
    32550,
    42600,
    52650,
    62700,
    72750,
    82800,
    92850,
    102900,
    112950
  ],
  "num_circle": [
    1,
    1,
    1,
    1,
    1,
    1,
    1,
    1,
    1,
    1,
    1,
    1
  ],
  "num_circle_T": [
    75,
    10125,
    20175,
    30225,
    40275,
    50325,
    60375,
    70425,
    80475,
    90525,
    100575,
    110625
  ],
  "q_taken_mean": [
    -0.018896780014038085,
    0.06748241424560547,
    0.03326953570048014,
    0.03054338773091634,
    0.05147021293640137,
    0.05443322499593099,
    0.06424695332845053,
    0.0785715103149414,
    0.073310546875,
    0.06810381571451823,
    0.07093236923217773,
    0.06588097890218099
  ],
  "q_taken_mean_T": [
    2400,
    12450,
    22500,
    32550,
    42600,
    52650,
    62700,
    72750,
    82800,
    92850,
    102900,
    112950
  ],
  "return_mean": [
    {
      "dtype": "float64",
      "py/object": "numpy.float64",
      "value": 0.0
    },
    {
      "dtype": "float64",
      "py/object": "numpy.float64",
      "value": 0.05223880597014925
    },
    {
      "dtype": "float64",
      "py/object": "numpy.float64",
      "value": 0.018656716417910446
    },
    {
      "dtype": "float64",
      "py/object": "numpy.float64",
      "value": 0.011194029850746268
    },
    {
      "dtype": "float64",
      "py/object": "numpy.float64",
      "value": 0.0
    },
    {
      "dtype": "float64",
      "py/object": "numpy.float64",
      "value": 0.041044776119402986
    },
    {
      "dtype": "float64",
      "py/object": "numpy.float64",
      "value": 0.014925373134328358
    },
    {
      "dtype": "float64",
      "py/object": "numpy.float64",
      "value": 0.03731343283582089
    },
    {
      "dtype": "float64",
      "py/object": "numpy.float64",
      "value": 0.026119402985074626
    },
    {
      "dtype": "float64",
      "py/object": "numpy.float64",
      "value": 0.018656716417910446
    },
    {
      "dtype": "float64",
      "py/object": "numpy.float64",
      "value": 0.014925373134328358
    },
    {
      "dtype": "float64",
      "py/object": "numpy.float64",
      "value": 0.022388059701492536
    }
  ],
  "return_mean_T": [
    75,
    10125,
    20175,
    30225,
    40275,
    50325,
    60375,
    70425,
    80475,
    90525,
    100575,
    110625
  ],
  "return_std": [
    {
      "dtype": "float64",
      "py/object": "numpy.float64",
      "value": 0.0
    },
    {
      "dtype": "float64",
      "py/object": "numpy.float64",
      "value": 0.28171024012204293
    },
    {
      "dtype": "float64",
      "py/object": "numpy.float64",
      "value": 0.12823015132417598
    },
    {
      "dtype": "float64",
      "py/object": "numpy.float64",
      "value": 0.09593253829986896
    },
    {
      "dtype": "float64",
      "py/object": "numpy.float64",
      "value": 0.0
    },
    {
      "dtype": "float64",
      "py/object": "numpy.float64",
      "value": 0.2206546185369033
    },
    {
      "dtype": "float64",
      "py/object": "numpy.float64",
      "value": 0.10474379737028507
    },
    {
      "dtype": "float64",
      "py/object": "numpy.float64",
      "value": 0.24907939206386023
    },
    {
      "dtype": "float64",
      "py/object": "numpy.float64",
      "value": 0.15353015381672375
    },
    {
      "dtype": "float64",
      "py/object": "numpy.float64",
      "value": 0.17711110875083313
    },
    {
      "dtype": "float64",
      "py/object": "numpy.float64",
      "value": 0.10474379737028507
    },
    {
      "dtype": "float64",
      "py/object": "numpy.float64",
      "value": 0.16005679544423299
    }
  ],
  "return_std_T": [
    75,
    10125,
    20175,
    30225,
    40275,
    50325,
    60375,
    70425,
    80475,
    90525,
    100575,
    110625
  ],
  "success_mean": [
    0.0,
    0.0,
    0.0,
    0.0,
    0.0,
    0.0,
    0.0,
    0.0,
    0.0,
    0.0,
    0.0,
    0.0
  ],