{
  "curiosity_decay_cycle": [
    5000,
    5000
  ],
  "curiosity_decay_cycle_T": [
    2400,
    12450
  ],
  "curiosity_decay_rate": [
    0.9,
    0.9
  ],
  "curiosity_decay_rate_T": [
    2400,
    12450
  ],
  "curiosity_decay_stop": [
    0.01,
    0.01
  ],
  "curiosity_decay_stop_T": [
    2400,
    12450
  ],
  "curiosity_scale": [
    0.2,
    0.16200000000000003
  ],
  "curiosity_scale_T": [
    2400,
    12450
  ],
  "ep_length_mean": [
    75.0,
    75.0
  ],
  "ep_length_mean_T": [
    75,
    10125
  ],
  "episode": [
    134
  ],
  "episode_T": [
    10050
  ],
  "epsilon": [
    1.0,
    0.80905
  ],
  "epsilon_T": [
    75,
    10125
  ],
  "extrinsic rewards": [
    0.0020833333333333333,
    0.0014583333333333334
  ],
  "extrinsic rewards_T": [
    2400,
    12450
  ],
  "grad_norm": [
    3.4182705879211426,
    0.2861180901527405
  ],
  "grad_norm_T": [
    2400,
    12450
  ],
  "hit_prob": [
    0.22687500715255737,
    0.22374999523162842
  ],
  "hit_prob_T": [
    2400,
    12450
  ],
  "loss": [
    0.9202813506126404,
    0.03127925097942352
  ],
  "loss_T": [
    2400,
    12450
  ],
  "num_circle": [
    1,
    1
  ],
  "num_circle_T": [
    75,
    10125
  ],
  "q_taken_mean": [
    0.12946917215983073,
    0.24308980305989583
  ],
  "q_taken_mean_T": [
    2400,
    12450
  ],
  "return_mean": [
    {
      "dtype": "float64",
      "py/object": "numpy.float64",
      "value": 0.0
    },
    {
      "dtype": "float64",
      "py/object": "numpy.float64",
      "value": 0.06343283582089553
    }
  ],
  "return_mean_T": [
    75,
    10125
  ],
  "return_std": [
    {
      "dtype": "float64",
      "py/object": "numpy.float64",
      "value": 0.0
    },
    {
      "dtype": "float64",
      "py/object": "numpy.float64",
      "value": 0.3978563913971224
    }
  ],
  "return_std_T": [
    75,
    10125
  ],
  "success_mean": [
    0.0,
    0.0
  ],
  "success_mean_T": [
    75,
    10125
  ],
  "target_mean": [
    0.5871793111165364,
    0.2703297678629557
  ],
  "target_mean_T": [
    2400,
    12450
  ],
  "td_error_abs": [
    0.9154203287760416,
    0.12611531575520835
  ],
  "td_error_abs_T": [
    2400,
    12450
  ],
  "test_ep_length_mean": [
    75.0,
    75.0
  ],
  "test_ep_length_mean_T": [
    75,
    10125
  ],
  "test_return_mean": [
    {
      "dtype": "float64",
      "py/object": "numpy.float64",
      "value": 0.0
    },
    {
      "dtype": "float64",
      "py/object": "numpy.float64",
      "value": 0.0
    }
  ],
  "test_return_mean_T": [
    75,
    10125
  ],
  "test_return_std": [
    {
      "dtype": "float64",
      "py/object": "numpy.float64",
      "value": 0.0
    },
    {
      "dtype": "float64",
      "py/object": "numpy.float64",
      "value": 0.0
    }
  ],
  "test_return_std_T": [
    75,
    10125
  ],
  "test_success_mean": [
    0.0,
    0.0
  ],
  "test_success_mean_T": [
    75,
    10125
  ],
  "vdn extrinsic rewards": [
    0.0020833333333333333,
    0.0014583333333333334
  ],
  "vdn extrinsic rewards_T": [
    2400,
    12450
  ],
  "vdn grad_norm": [
    0.7735992670059204,
    0.07766707986593246
  ],
  "vdn grad_norm_T": [
    2400,
    12450
  ],
  "vdn hit_prob": [
    0.22687500715255737,
    0.2395833283662796
  ],
  "vdn hit_prob_T": [
    2400,
    12450
  ],
  "vdn intrinsic rewards": [
    0.7179324340820312,
    0.08234144210815429
  ],
  "vdn intrinsic rewards_T": [
    2400,
    12450
  ],
  "vdn loss": [
    0.07397404313087463,
    0.022033073008060455
  ],
  "vdn loss_T": [
    2400,
    12450
  ],
  "vdn prediction loss": [
    3.5896623134613037,
    0.5082804560661316
  ],
  "vdn prediction loss_T": [
    2400,
    12450
  ],
  "vdn q_taken_mean": [
    0.12946917215983073,
    0.15902743021647137
  ],
  "vdn q_taken_mean_T": [
    2400,
    12450
  ],
  "vdn target_mean": [
    0.22821309407552084,
    0.16179364522298176
  ],
  "vdn target_mean_T": [
    2400,
    12450
  ],
  "vdn td_error_abs": [
    0.21150845845540364,
    0.09918640772501627
  ],
  "vdn td_error_abs_T": [
    2400,
    12450
  ]
}