{
  "curiosity_decay_cycle": [
    5000,
    5000,
    5000,
    5000,
    5000
  ],
  "curiosity_decay_cycle_T": [
    2400,
    12450,
    22500,
    32550,
    42600
  ],
  "curiosity_decay_rate": [
    0.9,
    0.9,
    0.9,
    0.9,
    0.9
  ],
  "curiosity_decay_rate_T": [
    2400,
    12450,
    22500,
    32550,
    42600
  ],
  "curiosity_decay_stop": [
    0.01,
    0.01,
    0.01,
    0.01,
    0.01
  ],
  "curiosity_decay_stop_T": [
    2400,
    12450,
    22500,
    32550,
    42600
  ],
  "curiosity_scale": [
    0.2,
    0.16200000000000003,
    0.13122000000000003,
    0.10628820000000004,
    0.08609344200000005
  ],
  "curiosity_scale_T": [
    2400,
    12450,
    22500,
    32550,
    42600
  ],
  "ep_length_mean": [
    75.0,
    75.0,
    75.0,
    75.0,
    75.0,
    75.0
  ],
  "ep_length_mean_T": [
    75,
    10125,
    20175,
    30225,
    40275,
    50325
  ],
  "episode": [
    134,
    268,
    402,
    536,
    670
  ],
  "episode_T": [
    10050,
    20100,
    30150,
    40200,
    50250
  ],
  "epsilon": [
    1.0,
    0.80905,
    0.6181000000000001,
    0.42715000000000003,
    0.23620000000000008,
    0.05
  ],
  "epsilon_T": [
    75,
    10125,
    20175,
    30225,
    40275,
    50325
  ],
  "extrinsic rewards": [
    0.0004166666666666667,
    0.0004166666666666667,
    0.00020833333333333335,
    0.0010416666666666667,
    0.0004166666666666667
  ],
  "extrinsic rewards_T": [
    2400,
    12450,
    22500,
    32550,
    42600
  ],
  "grad_norm": [
    5.857849597930908,
    0.36301296949386597,
    0.09389203041791916,
    0.0410279706120491,
    0.6823956370353699
  ],
  "grad_norm_T": [
    2400,
    12450,
    22500,
    32550,
    42600
  ],
  "hit_prob": [
    0.2073611170053482,
    0.24472221732139587,
    0.2748611271381378,
    0.3506944477558136,
    0.40986111760139465
  ],
  "hit_prob_T": [
    2400,
    12450,
    22500,
    32550,
    42600
  ],
  "loss": [
    1.383975625038147,
    0.04356163367629051,
    0.005906138569116592,
    0.007165300194174051,
    0.0323912687599659
  ],
  "loss_T": [
    2400,
    12450,
    22500,
    32550,
    42600
  ],
  "num_circle": [
    1,
    1,
    1,
    1,
    1,
    1
  ],
  "num_circle_T": [
    75,
    10125,
    20175,
    30225,
    40275,
    50325
  ],
  "q_taken_mean": [
    -0.1062689208984375,
    -0.1948267618815104,
    0.034376657274034286,
    0.07567026774088542,
    0.18704481336805556
  ],
  "q_taken_mean_T": [
    2400,
    12450,
    22500,
    32550,
    42600
  ],
  "return_mean": [
    {
      "dtype": "float64",
      "py/object": "numpy.float64",
      "value": 0.0
    },
    {
      "dtype": "float64",
      "py/object": "numpy.float64",
      "value": 0.022388059701492536
    },
    {
      "dtype": "float64",
      "py/object": "numpy.float64",
      "value": 0.018656716417910446
    },
    {
      "dtype": "float64",
      "py/object": "numpy.float64",
      "value": 0.048507462686567165
    },
    {
      "dtype": "float64",
      "py/object": "numpy.float64",
      "value": 0.0
    },
    {
      "dtype": "float64",
      "py/object": "numpy.float64",
      "value": 0.0
    }
  ],
  "return_mean_T": [
    75,
    10125,
    20175,
    30225,
    40275,
    50325
  ],
  "return_std": [
    {
      "dtype": "float64",
      "py/object": "numpy.float64",
      "value": 0.0
    },
    {
      "dtype": "float64",
      "py/object": "numpy.float64",
      "value": 0.13474231406916262
    },
    {
      "dtype": "float64",
      "py/object": "numpy.float64",
      "value": 0.15461454742612438
    },
    {
      "dtype": "float64",
      "py/object": "numpy.float64",
      "value": 0.3046248180878481
    },
    {
      "dtype": "float64",
      "py/object": "numpy.float64",
      "value": 0.0
    },
    {
      "dtype": "float64",
      "py/object": "numpy.float64",
      "value": 0.0
    }
  ],
  "return_std_T": [
    75,
    10125,
    20175,
    30225,
    40275,
    50325
  ],
  "success_mean": [
    0.0,
    0.0,
    0.0,
    0.0,
    0.0,
    0.0
  ],
  "success_mean_T": [
    75,
    10125,
    20175,
    30225,
    40275,
    50325
  ],
  "target_mean": [
    0.2661705525716146,
    -0.21023067898220485,
    0.03987741258409288,
    0.07618513319227431,
    0.18125208536783854
  ],
  "target_mean_T": [
    2400,
    12450,
    22500,
    32550,
    42600
  ],
  "td_error_abs": [
    1.1173183186848958,
    0.1531868616739909,
    0.044372208913167316,
    0.036752262115478516,
    0.10044405619303386
  ],
  "td_error_abs_T": [
    2400,
    12450,
    22500,
    32550,
    42600
  ],
  "test_ep_length_mean": [
    75.0,
    75.0,
    75.0,
    75.0,
    75.0,
    75.0
  ],
  "test_ep_length_mean_T": [
    75,
    10125,
    20175,
    30225,
    40275,
    50325
  ],
  "test_return_mean": [
    {
      "dtype": "float64",
      "py/object": "numpy.float64",
      "value": 0.1
    },
    {
      "dtype": "float64",
      "py/object": "numpy.float64",
      "value": 0.0
    },
    {
      "dtype": "float64",
      "py/object": "numpy.float64",
      "value": 0.0
    },
    {
      "dtype": "float64",
      "py/object": "numpy.float64",
      "value": 0.0
    },
    {
      "dtype": "float64",
      "py/object": "numpy.float64",
      "value": 0.0
    },
    {
      "dtype": "float64",
      "py/object": "numpy.float64",
      "value": 0.0
    }
  ],
  "test_return_mean_T": [
    75,
    10125,
    20175,
    30225,
    40275,
    50325
  ],
  "test_return_std": [
    {
      "dtype": "float64",
      "py/object": "numpy.float64",
      "value": 0.30000000000000004
    },
    {
      "dtype": "float64",
      "py/object": "numpy.float64",
      "value": 0.0
    },
    {
      "dtype": "float64",
      "py/object": "numpy.float64",
      "value": 0.0
    },
    {
      "dtype": "float64",
      "py/object": "numpy.float64",
      "value": 0.0
    },
    {
      "dtype": "float64",
      "py/object": "numpy.float64",
      "value": 0.0
    },
    {
      "dtype": "float64",
      "py/object": "numpy.float64",
      "value": 0.0
    }
  ],
  "test_return_std_T": [
    75,
    10125,
    20175,
    30225,
    40275,
    50325
  ],
  "test_success_mean": [
    0.0,
    0.0,
    0.0,
    0.0,
    0.0,
    0.0
  ],
  "test_success_mean_T": [
    75,
    10125,
    20175,
    30225,
    40275,
    50325
  ],
  "vdn extrinsic rewards": [
    0.0004166666666666667,
    0.0004166666666666667,
    0.00020833333333333335,
    0.0010416666666666667,
    0.0004166666666666667
  ],
  "vdn extrinsic rewards_T": [
    2400,
    12450,
    22500,
    32550,
    42600
  ],
  "vdn grad_norm": [
    2.1772074699401855,
    0.28684478998184204,
    0.1223006471991539,
    0.07782259583473206,
    0.19564805924892426
  ],
  "vdn grad_norm_T": [
    2400,
    12450,
    22500,
    32550,
    42600
  ],
  "vdn hit_prob": [
    0.2073611170053482,
    0.24097223579883575,
    0.2209722399711609,
    0.21875,
    0.22458332777023315
  ],
  "vdn hit_prob_T": [
    2400,
    12450,
    22500,
    32550,
    42600
  ],
  "vdn intrinsic rewards": [
    0.7099061584472657,
    0.09006224314371745,
    0.04959809939066569,
    0.031198743184407553,
    0.02265828291575114
  ],
  "vdn intrinsic rewards_T": [
    2400,
    12450,
    22500,
    32550,
    42600
  ],
  "vdn loss": [
    0.23948407173156738,
    0.04960574209690094,
    0.014133590273559093,
    0.009599371813237667,
    0.014759750105440617
  ],
  "vdn loss_T": [
    2400,
    12450,
    22500,
    32550,
    42600
  ],
  "vdn prediction loss": [
    3.5495307445526123,
    0.5559397339820862,
    0.3779766857624054,
    0.2935296595096588,
    0.26318246126174927
  ],
  "vdn prediction loss_T": [
    2400,
    12450,
    22500,
    32550,
    42600
  ],
  "vdn q_taken_mean": [
    -0.1062689208984375,
    -0.240802001953125,
    -0.20944078233506944,
    -0.19436733669704861,
    -0.23038577609592015
  ],