{
  "curiosity_decay_cycle": [
    100000,
    100000,
    100000,
    100000
  ],
  "curiosity_decay_cycle_T": [
    2400,
    12450,
    22500,
    32550
  ],
  "curiosity_decay_rate": [
    0.9,
    0.9,
    0.9,
    0.9
  ],
  "curiosity_decay_rate_T": [
    2400,
    12450,
    22500,
    32550
  ],
  "curiosity_decay_stop": [
    0.0,
    0.0,
    0.0,
    0.0
  ],
  "curiosity_decay_stop_T": [
    2400,
    12450,
    22500,
    32550
  ],
  "curiosity_scale": [
    0.001,
    0.001,
    0.001,
    0.001
  ],
  "curiosity_scale_T": [
    2400,
    12450,
    22500,
    32550
  ],
  "e_m Q mean": [
    0.09112573623657226,
    0.07391050974527995,
    0.06607012430826822,
    0.040308424631754554
  ],
  "e_m Q mean_T": [
    2400,
    12450,
    22500,
    32550
  ],
  "em_ Q hit probability": [
    0.0,
    0.36903400753277243,
    0.5522847140546898,
    0.6584949125531219
  ],
  "em_ Q hit probability_T": [
    2400,
    12450,
    22500,
    32550
  ],
  "emdqn_curr_capacity": [
    2432,
    12616,
    22800,
    32984
  ],
  "emdqn_curr_capacity_T": [
    2400,
    12450,
    22500,
    32550
  ],
  "emdqn_loss": [
    0.0,
    0.005360998213291168,
    0.006885173264890909,
    0.014107643626630306
  ],
  "emdqn_loss_T": [
    2400,
    12450,
    22500,
    32550
  ],
  "emdqn_weight": [
    0.1,
    0.1,
    0.1,
    0.1
  ],
  "emdqn_weight_T": [
    2400,
    12450,
    22500,
    32550
  ],
  "ep_length_mean": [
    75.0,
    75.0,
    75.0,
    75.0
  ],
  "ep_length_mean_T": [
    75,
    10125,
    20175,
    30225
  ],
  "episode": [
    268,
    536,
    804
  ],
  "episode_T": [
    10050,
    20100,
    30150
  ],
  "epsilon": [
    1.0,
    0.80905,
    0.6181000000000001,
    0.42715000000000003
  ],
  "epsilon_T": [
    75,
    10125,
    20175,
    30225
  ],
  "grad_norm": [
    1.487757682800293,
    0.08752986788749695,
    0.09395524114370346,
    0.0739523321390152
  ],
  "grad_norm_T": [
    2400,
    12450,
    22500,
    32550
  ],
  "hit_prob": [
    0.22041666507720947,
    0.2472916692495346,
    0.27916666865348816,
    0.273541659116745
  ],
  "hit_prob_T": [
    2400,
    12450,
    22500,
    32550
  ],
  "loss": [
    0.10788844525814056,
    0.01032289769500494,
    0.011334484443068504,
    0.019041627645492554
  ],
  "loss_T": [
    2400,
    12450,
    22500,
    32550
  ],
  "num_circle": [
    2,
    2,
    2,
    2
  ],
  "num_circle_T": [
    75,
    10125,
    20175,
    30225
  ],
  "q_taken_mean": [
    0.09112573623657226,
    0.11681406656901042,
    0.13974024454752604,
    0.14947774251302084
  ],
  "q_taken_mean_T": [
    2400,
    12450,
    22500,
    32550
  ],
  "return_mean": [
    {
      "dtype": "float64",
      "py/object": "numpy.float64",
      "value": 0.0
    },
    {
      "dtype": "float64",
      "py/object": "numpy.float64",
      "value": 0.19402985074626866
    },
    {
      "dtype": "float64",
      "py/object": "numpy.float64",
      "value": 0.11567164179104478
    },
    {
      "dtype": "float64",
      "py/object": "numpy.float64",
      "value": 0.16044776119402984
    }
  ],
  "return_mean_T": [
    75,
    10125,
    20175,
    30225
  ],
  "return_std": [
    {
      "dtype": "float64",
      "py/object": "numpy.float64",
      "value": 0.0
    },
    {
      "dtype": "float64",
      "py/object": "numpy.float64",
      "value": 0.495917842562273
    },
    {
      "dtype": "float64",
      "py/object": "numpy.float64",
      "value": 0.5322235078706504
    },
    {
      "dtype": "float64",
      "py/object": "numpy.float64",
      "value": 0.4794304233704789
    }
  ],
  "return_std_T": [
    75,
    10125,
    20175,
    30225
  ],
  "success_mean": [
    0.0,
    0.0,
    0.0,
    0.0
  ],
  "success_mean_T": [
    75,
    10125,
    20175,
    30225
  ],
  "target_mean": [
    0.19732560475667318,
    0.11639317830403646,
    0.14016817728678385,
    0.16303253173828125
  ],
  "target_mean_T": [
    2400,
    12450,
    22500,
    32550
  ],
  "td_error_abs": [
    0.22588180541992187,
    0.036973457336425784,
    0.033720146814982095,
    0.041104612350463865
  ],
  "td_error_abs_T": [
    2400,
    12450,
    22500,
    32550
  ],
  "test_ep_length_mean": [
    75.0,
    75.0,
    75.0,
    75.0
  ],
  "test_ep_length_mean_T": [
    75,
    10125,
    20175,
    30225
  ],
  "test_return_mean": [
    {
      "dtype": "float64",
      "py/object": "numpy.float64",
      "value": 0.0
    },
    {
      "dtype": "float64",
      "py/object": "numpy.float64",
      "value": 0.05
    },
    {
      "dtype": "float64",
      "py/object": "numpy.float64",
      "value": 0.15
    },
    {
      "dtype": "float64",
      "py/object": "numpy.float64",
      "value": 0.25
    }
  ],
  "test_return_mean_T": [
    75,
    10125,
    20175,
    30225
  ],
  "test_return_std": [
    {
      "dtype": "float64",
      "py/object": "numpy.float64",
      "value": 0.0
    },
    {
      "dtype": "float64",
      "py/object": "numpy.float64",
      "value": 0.15000000000000002
    },
    {
      "dtype": "float64",
      "py/object": "numpy.float64",
      "value": 0.32015621187164245
    },
    {
      "dtype": "float64",
      "py/object": "numpy.float64",
      "value": 0.4031128874149275
    }
  ],
  "test_return_std_T": [
    75,
    10125,
    20175,
    30225
  ],
  "test_success_mean": [
    0.0,
    0.0,
    0.0,
    0.0
  ],
  "test_success_mean_T": [
    75,
    10125,
    20175,
    30225
  ],
  "vdn extrinsic rewards": [
    0.0014583333333333334,
    0.003125,
    0.002916666666666667,
    0.0033333333333333335
  ],
  "vdn extrinsic rewards_T": [
    2400,
    12450,
    22500,
    32550
  ],
  "vdn grad_norm": [
    0.6611395478248596,
    0.04540027305483818,
    0.014415024779736996,
    0.03103850968182087
  ],
  "vdn grad_norm_T": [
    2400,
    12450,
    22500,
    32550
  ],
  "vdn hit_prob": [
    0.22041666507720947,
    0.20000000298023224,
    0.19312499463558197,
    0.2045833319425583
  ],
  "vdn hit_prob_T": [
    2400,
    12450,
    22500,
    32550
  ],
  "vdn intrinsic rewards": [
    0.0029470000664393106,
    0.00017832001050313313,
    0.0001160543163617452,
    0.00010319768140713374
  ],
  "vdn intrinsic rewards_T": [
    2400,
    12450,
    22500,
    32550
  ],
  "vdn loss": [
    0.09630066901445389,
    0.0046117352321743965,
    0.0027180861216038465,
    0.0027440006379038095
  ],
  "vdn loss_T": [
    2400,
    12450,
    22500,
    32550
  ],
  "vdn prediction loss": [
    2.947000026702881,
    0.1783200204372406,
    0.11605431884527206,
    0.10319768637418747
  ],
  "vdn prediction loss_T": [
    2400,
    12450,
    22500,
    32550
  ],
  "vdn q_taken_mean": [
    -0.05772393544514974,
    -0.12910910288492838,
    -0.11982282002766927,
    -0.09738484700520833
  ],
  "vdn q_taken_mean_T": [
    2400,
    12450,
    22500,
    32550
  ],
  "vdn target_mean": [
    0.07024537404378255,
    -0.12032457987467447,
    -0.11858887990315756,
    -0.09302783966064453
  ],
  "vdn target_mean_T": [
    2400,
    12450,
    22500,
    32550
  ],
  "vdn td_error_abs": [
    0.2588836669921875,
    0.040287901560465494,
    0.022144083976745606,
    0.022080761591593424
  ],
  "vdn td_error_abs_T": [
    2400,
    12450,
    22500,
    32550
  ]
}