{
  "battle_won_mean": [
    0.0,
    0.0,
    0.0,
    0.0,
    0.0,
    0.0,
    0.0,
    0.0,
    0.0,
    0.0,
    0.0,
    0.0,
    0.0,
    0.0,
    0.0,
    0.0
  ],
  "battle_won_mean_T": [
    38,
    10042,
    20064,
    30073,
    40085,
    50093,
    60101,
    70113,
    80139,
    90146,
    100175,
    110182,
    120195,
    130216,
    140244,
    150283
  ],
  "ep_length_mean": [
    38.0,
    38.625482625482626,
    34.321917808219176,
    31.4748427672956,
    29.360703812316714,
    27.570247933884296,
    27.570247933884296,
    29.62130177514793,
    36.996309963099634,
    41.181069958847736,
    43.98684210526316,
    45.486363636363635,
    46.57209302325582,
    48.17788461538461,
    48.917073170731705,
    48.03349282296651
  ],
  "ep_length_mean_T": [
    38,
    10042,
    20064,
    30073,
    40085,
    50093,
    60101,
    70113,
    80139,
    90146,
    100175,
    110182,
    120195,
    130216,
    140244,
    150283
  ],
  "episode": [
    518,
    1102,
    1738,
    2420,
    3146,
    3872,
    4548,
    5090,
    5576,
    6032,
    6472,
    6902,
    7318,
    7728,
    8146
  ],
  "episode_T": [
    10005,
    20017,
    30043,
    40055,
    50066,
    60074,
    70079,
    80095,
    90106,
    100131,
    110132,
    120145,
    130167,
    140194,
    150238
  ],
  "epsilon": [
    1.0,
    0.809905,
    0.619677,
    0.4291830000000001,
    0.23895500000000014,
    0.05,
    0.05,
    0.05,
    0.05,
    0.05,
    0.05,
    0.05,
    0.05,
    0.05,
    0.05,
    0.05
  ],
  "epsilon_T": [
    38,
    10042,
    20064,
    30073,
    40085,
    50093,
    60101,
    70113,
    80139,
    90146,
    100175,
    110182,
    120195,
    130216,
    140244,
    150283
  ],
  "grad_norm": [
    1.8930383920669556,
    0.17546387016773224,
    0.05577047914266586,
    0.0902167558670044,
    0.07978953421115875,
    0.27622556686401367,
    0.6621690988540649,
    0.9780380129814148,
    0.627755880355835,
    1.4066156148910522,
    0.17439933121204376,
    1.1356022357940674,
    0.4254307150840759,
    0.823715090751648,
    0.9055696725845337,
    0.11983652412891388
  ],
  "grad_norm_T": [
    1271,
    11304,
    21318,
    31337,
    41342,
    51353,
    61373,
    71411,
    81412,
    91439,
    101479,
    111496,
    121508,
    131509,
    141512,
    151529
  ],
  "hit_prob": [
    0.35955941677093506,
    0.3834734261035919,
    0.42220255732536316,
    0.4678955674171448,
    0.4653722047805786,
    0.41370224952697754,
    0.5010121464729309,
    0.4240873456001282,
    0.4526282846927643,
    0.3364008069038391,
    0.41431811451911926,
    0.4465058743953705,
    0.4824165999889374,
    0.4177253544330597,
    0.4513947665691376,
    0.4896630048751831
  ],
  "hit_prob_T": [
    1271,
    11304,
    21318,
    31337,
    41342,
    51353,
    61373,
    71411,
    81412,
    91439,
    101479,
    111496,
    121508,
    131509,
    141512,
    151529
  ],
  "loss": [
    0.11948265880346298,
    0.018277345225214958,
    0.015117635019123554,
    0.015778537839651108,
    0.013966145925223827,
    0.012403761968016624,
    0.01615198887884617,
    0.01789764314889908,
    0.01622975431382656,
    0.023656651377677917,
    0.015300024300813675,
    0.023806797340512276,
    0.04995876923203468,
    0.016192946583032608,
    0.020318517461419106,
    0.016274575144052505
  ],
  "loss_T": [
    1271,
    11304,
    21318,
    31337,
    41342,
    51353,
    61373,
    71411,
    81412,
    91439,
    101479,
    111496,
    121508,
    131509,
    141512,
    151529
  ],
  "num_circle": [
    2,
    2,
    2,
    2,
    2,
    2,
    2,
    2,
    2,
    2,
    2,
    2,
    2,
    2,
    2,
    2
  ],
  "num_circle_T": [
    38,
    10042,
    20064,
    30073,
    40085,
    50093,
    60101,
    70113,
    80139,
    90146,
    100175,
    110182,
    120195,
    130216,
    140244,
    150283
  ],
  "q_taken_mean": [
    -0.1711493651447351,
    0.017178562709263392,
    0.2552133069687408,
    0.5054387480798771,
    0.6191216626213593,
    0.7087682188735178,
    0.7073427681659076,
    0.811226737088451,
    0.8555528198280611,
    0.8690292056759117,
    0.929326390154276,
    1.082548746593808,
    1.0642751012079201,
    1.071781331527904,
    1.055371011200338,
    1.1854863065526764
  ],
  "q_taken_mean_T": [
    1271,
    11304,
    21318,
    31337,
    41342,
    51353,
    61373,
    71411,
    81412,
    91439,
    101479,
    111496,
    121508,
    131509,
    141512,
    151529
  ],
  "return_mean": [
    {
      "dtype": "float64",
      "py/object": "numpy.float64",
      "value": 3.628125
    },
    {
      "dtype": "float64",
      "py/object": "numpy.float64",
      "value": 4.056684362934363
    },
    {
      "dtype": "float64",
      "py/object": "numpy.float64",
      "value": 4.445687071917808
    },
    {
      "dtype": "float64",
      "py/object": "numpy.float64",
      "value": 4.613187893081761
    },
    {
      "dtype": "float64",
      "py/object": "numpy.float64",
      "value": 4.677016129032259
    },
    {
      "dtype": "float64",
      "py/object": "numpy.float64",
      "value": 4.814514462809918
    },
    {
      "dtype": "float64",
      "py/object": "numpy.float64",
      "value": 4.775490702479339
    },
    {
      "dtype": "float64",
      "py/object": "numpy.float64",
      "value": 4.962472263313609
    },
    {
      "dtype": "float64",
      "py/object": "numpy.float64",
      "value": 5.971563653136532
    },
    {
      "dtype": "float64",
      "py/object": "numpy.float64",
      "value": 6.343852880658438
    },
    {
      "dtype": "float64",
      "py/object": "numpy.float64",
      "value": 6.327700109649124
    },
    {
      "dtype": "float64",
      "py/object": "numpy.float64",
      "value": 6.442713068181819
    },
    {
      "dtype": "float64",
      "py/object": "numpy.float64",
      "value": 6.80796511627907
    },
    {
      "dtype": "float64",
      "py/object": "numpy.float64",
      "value": 6.842067307692308
    },
    {
      "dtype": "float64",
      "py/object": "numpy.float64",
      "value": 6.593567073170732
    },
    {
      "dtype": "float64",
      "py/object": "numpy.float64",
      "value": 6.845947966507176
    }
  ],
  "return_mean_T": [
    38,
    10042,
    20064,
    30073,
    40085,
    50093,
    60101,
    70113,
    80139,
    90146,
    100175,
    110182,
    120195,
    130216,
    140244,
    150283
  ],
  "return_std": [
    {
      "dtype": "float64",
      "py/object": "numpy.float64",
      "value": 0.0
    },
    {
      "dtype": "float64",
      "py/object": "numpy.float64",
      "value": 0.7504066273252575
    },
    {
      "dtype": "float64",
      "py/object": "numpy.float64",
      "value": 0.5464100520101596
    },
    {
      "dtype": "float64",
      "py/object": "numpy.float64",
      "value": 0.511840282335715
    },
    {
      "dtype": "float64",
      "py/object": "numpy.float64",
      "value": 0.44787870308385
    },
    {
      "dtype": "float64",
      "py/object": "numpy.float64",
      "value": 0.3892007837210656
    },
    {
      "dtype": "float64",
      "py/object": "numpy.float64",
      "value": 0.4406356555572142
    },
    {
      "dtype": "float64",
      "py/object": "numpy.float64",
      "value": 0.4713923605637985
    },
    {
      "dtype": "float64",
      "py/object": "numpy.float64",
      "value": 0.7072094698896498
    },
    {
      "dtype": "float64",
      "py/object": "numpy.float64",
      "value": 0.7140962389549775
    },
    {
      "dtype": "float64",
      "py/object": "numpy.float64",
      "value": 0.9573693690908144
    },
    {
      "dtype": "float64",
      "py/object": "numpy.float64",
      "value": 0.7112541058654585
    },
    {
      "dtype": "float64",
      "py/object": "numpy.float64",
      "value": 0.8556666351437588
    },
    {
      "dtype": "float64",
      "py/object": "numpy.float64",